metric,value
original_java_python_rows,"43,146"
java_after_dedup,"20,632"
python_after_dedup,"21,715"
unique_programs_after_dedup,"42,347"
exact_duplicate_sources_removed,799
unique_problem_groups,574
total_pairs,"6,000"
train_problem_groups,401
train_pairs,"4,200"
train_positive,"2,100"
train_negative,"2,100"
validation_problem_groups,86
validation_pairs,900
validation_positive,450
validation_negative,450
test_problem_groups,87
test_pairs,900
test_positive,450
test_negative,450
java-python_total,"2,000"
java-python_positive,"1,000"
java-python_negative,"1,000"
python-python_total,"2,000"
python-python_positive,"1,000"
python-python_negative,"1,000"
java-java_total,"2,000"
java-java_positive,"1,000"
java-java_negative,"1,000"
